Pos	Ref_Base	Alt_Base	Frq_Str	Amp	Amp_Type	K_Size	Shift	Ref_Kmer_ID	Ref_Kmer_Seq	Alt_Kmer_ID	Alt_Kmer_Seq
181973	T	C	g1/g2/g3:0.0000/0.0148/0.9448	g3	Alt_Target	21	0.25	181973_21_0.25_Ref	GTGAATGGAAACAATAGGAGA	181973_21_0.25_Alt	GTGAACGGAAACAATAGGAGA
181973	T	C	g1/g2/g3:0.0000/0.0148/0.9448	g3	Alt_Target	21	0.5	181973_21_0.5_Ref	CATATGTGAATGGAAACAATA	181973_21_0.5_Alt	CATATGTGAACGGAAACAATA
181973	T	C	g1/g2/g3:0.0000/0.0148/0.9448	g3	Alt_Target	21	0.75	181973_21_0.75_Ref	ACTCTCATATGTGAATGGAAA	181973_21_0.75_Alt	ACTCTCATATGTGAACGGAAA
181973	T	C	g1/g2/g3:0.0000/0.0148/0.9448	g3	Alt_Target	25	0.25	181973_25_0.25_Ref	TGTGAATGGAAACAATAGGAGAAAT	181973_25_0.25_Alt	TGTGAACGGAAACAATAGGAGAAAT
181973	T	C	g1/g2/g3:0.0000/0.0148/0.9448	g3	Alt_Target	25	0.5	181973_25_0.5_Ref	CTCATATGTGAATGGAAACAATAGG	181973_25_0.5_Alt	CTCATATGTGAACGGAAACAATAGG
181973	T	C	g1/g2/g3:0.0000/0.0148/0.9448	g3	Alt_Target	25	0.75	181973_25_0.75_Ref	ATGACTCTCATATGTGAATGGAAAC	181973_25_0.75_Alt	ATGACTCTCATATGTGAACGGAAAC
181973	T	C	g1/g2/g3:0.0000/0.0148/0.9448	g3	Alt_Target	31	0.25	181973_31_0.25_Ref	ATGTGAATGGAAACAATAGGAGAAATTTTGA	181973_31_0.25_Alt	ATGTGAACGGAAACAATAGGAGAAATTTTGA
181973	T	C	g1/g2/g3:0.0000/0.0148/0.9448	g3	Alt_Target	31	0.5	181973_31_0.5_Ref	ACTCTCATATGTGAATGGAAACAATAGGAGA	181973_31_0.5_Alt	ACTCTCATATGTGAACGGAAACAATAGGAGA
181973	T	C	g1/g2/g3:0.0000/0.0148/0.9448	g3	Alt_Target	31	0.75	181973_31_0.75_Ref	TGATAATGACTCTCATATGTGAATGGAAACA	181973_31_0.75_Alt	TGATAATGACTCTCATATGTGAACGGAAACA
186937	A	T	g1/g2/g3:0.0000/0.0148/0.9241	g3	Alt_Target	21	0.25	186937_21_0.25_Ref	TGCCCATTCAGTATGATATTG	186937_21_0.25_Alt	TGCCCTTTCAGTATGATATTG
186937	A	T	g1/g2/g3:0.0000/0.0148/0.9241	g3	Alt_Target	21	0.5	186937_21_0.5_Ref	GTTTTTGCCCATTCAGTATGA	186937_21_0.5_Alt	GTTTTTGCCCTTTCAGTATGA
186937	A	T	g1/g2/g3:0.0000/0.0148/0.9241	g3	Alt_Target	21	0.75	186937_21_0.75_Ref	TTCCAGTTTTTGCCCATTCAG	186937_21_0.75_Alt	TTCCAGTTTTTGCCCTTTCAG
186937	A	T	g1/g2/g3:0.0000/0.0148/0.9241	g3	Alt_Target	25	0.25	186937_25_0.25_Ref	TTGCCCATTCAGTATGATATTGGCT	186937_25_0.25_Alt	TTGCCCTTTCAGTATGATATTGGCT
186937	A	T	g1/g2/g3:0.0000/0.0148/0.9241	g3	Alt_Target	25	0.5	186937_25_0.5_Ref	CAGTTTTTGCCCATTCAGTATGATA	186937_25_0.5_Alt	CAGTTTTTGCCCTTTCAGTATGATA
186937	A	T	g1/g2/g3:0.0000/0.0148/0.9241	g3	Alt_Target	25	0.75	186937_25_0.75_Ref	TGCTTCCAGTTTTTGCCCATTCAGT	186937_25_0.75_Alt	TGCTTCCAGTTTTTGCCCTTTCAGT
186937	A	T	g1/g2/g3:0.0000/0.0148/0.9241	g3	Alt_Target	31	0.25	186937_31_0.25_Ref	TTTGCCCATTCAGTATGATATTGGCTGTGGG	186937_31_0.25_Alt	TTTGCCCTTTCAGTATGATATTGGCTGTGGG
186937	A	T	g1/g2/g3:0.0000/0.0148/0.9241	g3	Alt_Target	31	0.5	186937_31_0.5_Ref	TTCCAGTTTTTGCCCATTCAGTATGATATTG	186937_31_0.5_Alt	TTCCAGTTTTTGCCCTTTCAGTATGATATTG
186937	A	T	g1/g2/g3:0.0000/0.0148/0.9241	g3	Alt_Target	31	0.75	186937_31_0.75_Ref	GGGAATGCTTCCAGTTTTTGCCCATTCAGTA	186937_31_0.75_Alt	GGGAATGCTTCCAGTTTTTGCCCTTTCAGTA
187310	G	A	g1/g2/g3:0.0000/0.0148/0.9172	g3	Alt_Target	21	0.25	187310_21_0.25_Ref	ACCAGGCTTTGGTATCAGGAT	187310_21_0.25_Alt	ACCAGACTTTGGTATCAGGAT
187310	G	A	g1/g2/g3:0.0000/0.0148/0.9172	g3	Alt_Target	21	0.5	187310_21_0.5_Ref	TCTCTACCAGGCTTTGGTATC	187310_21_0.5_Alt	TCTCTACCAGACTTTGGTATC
187310	G	A	g1/g2/g3:0.0000/0.0148/0.9172	g3	Alt_Target	21	0.75	187310_21_0.75_Ref	TTGTATCTCTACCAGGCTTTG	187310_21_0.75_Alt	TTGTATCTCTACCAGACTTTG
187310	G	A	g1/g2/g3:0.0000/0.0148/0.9172	g3	Alt_Target	25	0.25	187310_25_0.25_Ref	TACCAGGCTTTGGTATCAGGATGAT	187310_25_0.25_Alt	TACCAGACTTTGGTATCAGGATGAT
187310	G	A	g1/g2/g3:0.0000/0.0148/0.9172	g3	Alt_Target	25	0.5	187310_25_0.5_Ref	TATCTCTACCAGGCTTTGGTATCAG	187310_25_0.5_Alt	TATCTCTACCAGACTTTGGTATCAG
187310	G	A	g1/g2/g3:0.0000/0.0148/0.9172	g3	Alt_Target	25	0.75	187310_25_0.75_Ref	TTGTTGTATCTCTACCAGGCTTTGG	187310_25_0.75_Alt	TTGTTGTATCTCTACCAGACTTTGG
187310	G	A	g1/g2/g3:0.0000/0.0148/0.9172	g3	Alt_Target	31	0.25	187310_31_0.25_Ref	CTACCAGGCTTTGGTATCAGGATGATGCTGG	187310_31_0.25_Alt	CTACCAGACTTTGGTATCAGGATGATGCTGG
187310	G	A	g1/g2/g3:0.0000/0.0148/0.9172	g3	Alt_Target	31	0.5	187310_31_0.5_Ref	TTGTATCTCTACCAGGCTTTGGTATCAGGAT	187310_31_0.5_Alt	TTGTATCTCTACCAGACTTTGGTATCAGGAT
187310	G	A	g1/g2/g3:0.0000/0.0148/0.9172	g3	Alt_Target	31	0.75	187310_31_0.75_Ref	CTTTTTTGTTGTATCTCTACCAGGCTTTGGT	187310_31_0.75_Alt	CTTTTTTGTTGTATCTCTACCAGACTTTGGT
187515	T	C	g1/g2/g3:0.0000/0.0148/0.9241	g3	Alt_Target	21	0.25	187515_21_0.25_Ref	ATTGGTCTATTCAGAGATTCA	187515_21_0.25_Alt	ATTGGCCTATTCAGAGATTCA
187515	T	C	g1/g2/g3:0.0000/0.0148/0.9241	g3	Alt_Target	21	0.5	187515_21_0.5_Ref	CTGTTATTGGTCTATTCAGAG	187515_21_0.5_Alt	CTGTTATTGGCCTATTCAGAG
187515	T	C	g1/g2/g3:0.0000/0.0148/0.9241	g3	Alt_Target	21	0.75	187515_21_0.75_Ref	AGATCCTGTTATTGGTCTATT	187515_21_0.75_Alt	AGATCCTGTTATTGGCCTATT
187515	T	C	g1/g2/g3:0.0000/0.0148/0.9241	g3	Alt_Target	25	0.25	187515_25_0.25_Ref	TATTGGTCTATTCAGAGATTCAATT	187515_25_0.25_Alt	TATTGGCCTATTCAGAGATTCAATT
187515	T	C	g1/g2/g3:0.0000/0.0148/0.9241	g3	Alt_Target	25	0.5	187515_25_0.5_Ref	TCCTGTTATTGGTCTATTCAGAGAT	187515_25_0.5_Alt	TCCTGTTATTGGCCTATTCAGAGAT
187515	T	C	g1/g2/g3:0.0000/0.0148/0.9241	g3	Alt_Target	25	0.75	187515_25_0.75_Ref	TTCAGATCCTGTTATTGGTCTATTC	187515_25_0.75_Alt	TTCAGATCCTGTTATTGGCCTATTC
187515	T	C	g1/g2/g3:0.0000/0.0148/0.9241	g3	Alt_Target	31	0.25	187515_31_0.25_Ref	TTATTGGTCTATTCAGAGATTCAATTTCTTC	187515_31_0.25_Alt	TTATTGGCCTATTCAGAGATTCAATTTCTTC
187515	T	C	g1/g2/g3:0.0000/0.0148/0.9241	g3	Alt_Target	31	0.5	187515_31_0.5_Ref	AGATCCTGTTATTGGTCTATTCAGAGATTCA	187515_31_0.5_Alt	AGATCCTGTTATTGGCCTATTCAGAGATTCA
187515	T	C	g1/g2/g3:0.0000/0.0148/0.9241	g3	Alt_Target	31	0.75	187515_31_0.75_Ref	ACAATTTCAGATCCTGTTATTGGTCTATTCA	187515_31_0.75_Alt	ACAATTTCAGATCCTGTTATTGGCCTATTCA
199417	A	G	g1/g2/g3:0.0000/0.0296/0.9655	g3	Alt_Target	21	0.25	199417_21_0.25_Ref	TAATTAGAAATAAATATTCTT	199417_21_0.25_Alt	TAATTGGAAATAAATATTCTT
199417	A	G	g1/g2/g3:0.0000/0.0296/0.9655	g3	Alt_Target	21	0.5	199417_21_0.5_Ref	CTACATAATTAGAAATAAATA	199417_21_0.5_Alt	CTACATAATTGGAAATAAATA
199417	A	G	g1/g2/g3:0.0000/0.0296/0.9655	g3	Alt_Target	21	0.75	199417_21_0.75_Ref	AGAAGCTACATAATTAGAAAT	199417_21_0.75_Alt	AGAAGCTACATAATTGGAAAT
199417	A	G	g1/g2/g3:0.0000/0.0296/0.9655	g3	Alt_Target	25	0.25	199417_25_0.25_Ref	ATAATTAGAAATAAATATTCTTCTT	199417_25_0.25_Alt	ATAATTGGAAATAAATATTCTTCTT
199417	A	G	g1/g2/g3:0.0000/0.0296/0.9655	g3	Alt_Target	25	0.5	199417_25_0.5_Ref	AGCTACATAATTAGAAATAAATATT	199417_25_0.5_Alt	AGCTACATAATTGGAAATAAATATT
199417	A	G	g1/g2/g3:0.0000/0.0296/0.9655	g3	Alt_Target	25	0.75	199417_25_0.75_Ref	AATAGAAGCTACATAATTAGAAATA	199417_25_0.75_Alt	AATAGAAGCTACATAATTGGAAATA
199417	A	G	g1/g2/g3:0.0000/0.0296/0.9655	g3	Alt_Target	31	0.25	199417_31_0.25_Ref	CATAATTAGAAATAAATATTCTTCTTGAAAT	199417_31_0.25_Alt	CATAATTGGAAATAAATATTCTTCTTGAAAT
199417	A	G	g1/g2/g3:0.0000/0.0296/0.9655	g3	Alt_Target	31	0.5	199417_31_0.5_Ref	AGAAGCTACATAATTAGAAATAAATATTCTT	199417_31_0.5_Alt	AGAAGCTACATAATTGGAAATAAATATTCTT
199417	A	G	g1/g2/g3:0.0000/0.0296/0.9655	g3	Alt_Target	31	0.75	199417_31_0.75_Ref	TATATAATAGAAGCTACATAATTAGAAATAA	199417_31_0.75_Alt	TATATAATAGAAGCTACATAATTGGAAATAA
200717	C	T	g1/g2/g3:0.0000/0.0296/0.9655	g3	Alt_Target	21	0.25	200717_21_0.25_Ref	GAGAACGATGATTTCCAATTT	200717_21_0.25_Alt	GAGAATGATGATTTCCAATTT
200717	C	T	g1/g2/g3:0.0000/0.0296/0.9655	g3	Alt_Target	21	0.5	200717_21_0.5_Ref	TTACTGAGAACGATGATTTCC	200717_21_0.5_Alt	TTACTGAGAATGATGATTTCC
200717	C	T	g1/g2/g3:0.0000/0.0296/0.9655	g3	Alt_Target	21	0.75	200717_21_0.75_Ref	ATAGTTTACTGAGAACGATGA	200717_21_0.75_Alt	ATAGTTTACTGAGAATGATGA
200717	C	T	g1/g2/g3:0.0000/0.0296/0.9655	g3	Alt_Target	25	0.25	200717_25_0.25_Ref	TGAGAACGATGATTTCCAATTTCAC	200717_25_0.25_Alt	TGAGAATGATGATTTCCAATTTCAC
200717	C	T	g1/g2/g3:0.0000/0.0296/0.9655	g3	Alt_Target	25	0.5	200717_25_0.5_Ref	GTTTACTGAGAACGATGATTTCCAA	200717_25_0.5_Alt	GTTTACTGAGAATGATGATTTCCAA
200717	C	T	g1/g2/g3:0.0000/0.0296/0.9655	g3	Alt_Target	25	0.75	200717_25_0.75_Ref	GAGATAGTTTACTGAGAACGATGAT	200717_25_0.75_Alt	GAGATAGTTTACTGAGAATGATGAT
200717	C	T	g1/g2/g3:0.0000/0.0296/0.9655	g3	Alt_Target	31	0.25	200717_31_0.25_Ref	CTGAGAACGATGATTTCCAATTTCACCCATG	200717_31_0.25_Alt	CTGAGAATGATGATTTCCAATTTCACCCATG
200717	C	T	g1/g2/g3:0.0000/0.0296/0.9655	g3	Alt_Target	31	0.5	200717_31_0.5_Ref	ATAGTTTACTGAGAACGATGATTTCCAATTT	200717_31_0.5_Alt	ATAGTTTACTGAGAATGATGATTTCCAATTT
200717	C	T	g1/g2/g3:0.0000/0.0296/0.9655	g3	Alt_Target	31	0.75	200717_31_0.75_Ref	TTCTTGAGATAGTTTACTGAGAACGATGATT	200717_31_0.75_Alt	TTCTTGAGATAGTTTACTGAGAATGATGATT
205677	C	G	g1/g2/g3:0.0000/0.0296/0.9586	g3	Alt_Target	21	0.25	205677_21_0.25_Ref	AATACCCTGCCGTGTGAGGTG	205677_21_0.25_Alt	AATACGCTGCCGTGTGAGGTG
205677	C	G	g1/g2/g3:0.0000/0.0296/0.9586	g3	Alt_Target	21	0.5	205677_21_0.5_Ref	GTTGGAATACCCTGCCGTGTG	205677_21_0.5_Alt	GTTGGAATACGCTGCCGTGTG
205677	C	G	g1/g2/g3:0.0000/0.0296/0.9586	g3	Alt_Target	21	0.75	205677_21_0.75_Ref	GTTCTGTTGGAATACCCTGCC	205677_21_0.75_Alt	GTTCTGTTGGAATACGCTGCC
205677	C	G	g1/g2/g3:0.0000/0.0296/0.9586	g3	Alt_Target	25	0.25	205677_25_0.25_Ref	GAATACCCTGCCGTGTGAGGTGTCA	205677_25_0.25_Alt	GAATACGCTGCCGTGTGAGGTGTCA
205677	C	G	g1/g2/g3:0.0000/0.0296/0.9586	g3	Alt_Target	25	0.5	205677_25_0.5_Ref	CTGTTGGAATACCCTGCCGTGTGAG	205677_25_0.5_Alt	CTGTTGGAATACGCTGCCGTGTGAG
205677	C	G	g1/g2/g3:0.0000/0.0296/0.9586	g3	Alt_Target	25	0.75	205677_25_0.75_Ref	GCAGTTCTGTTGGAATACCCTGCCG	205677_25_0.75_Alt	GCAGTTCTGTTGGAATACGCTGCCG
205677	C	G	g1/g2/g3:0.0000/0.0296/0.9586	g3	Alt_Target	31	0.25	205677_31_0.25_Ref	GGAATACCCTGCCGTGTGAGGTGTCAGTGTG	205677_31_0.25_Alt	GGAATACGCTGCCGTGTGAGGTGTCAGTGTG
205677	C	G	g1/g2/g3:0.0000/0.0296/0.9586	g3	Alt_Target	31	0.5	205677_31_0.5_Ref	GTTCTGTTGGAATACCCTGCCGTGTGAGGTG	205677_31_0.5_Alt	GTTCTGTTGGAATACGCTGCCGTGTGAGGTG
205677	C	G	g1/g2/g3:0.0000/0.0296/0.9586	g3	Alt_Target	31	0.75	205677_31_0.75_Ref	CAGCTGCAGTTCTGTTGGAATACCCTGCCGT	205677_31_0.75_Alt	CAGCTGCAGTTCTGTTGGAATACGCTGCCGT
205897	T	C	g1/g2/g3:0.0000/0.0296/0.9655	g3	Alt_Target	21	0.25	205897_21_0.25_Ref	GCCCCTAGAGGTGGAGCCTAC	205897_21_0.25_Alt	GCCCCCAGAGGTGGAGCCTAC
205897	T	C	g1/g2/g3:0.0000/0.0296/0.9655	g3	Alt_Target	21	0.5	205897_21_0.5_Ref	GCCCTGCCCCTAGAGGTGGAG	205897_21_0.5_Alt	GCCCTGCCCCCAGAGGTGGAG
205897	T	C	g1/g2/g3:0.0000/0.0296/0.9655	g3	Alt_Target	21	0.75	205897_21_0.75_Ref	TCTGTGCCCTGCCCCTAGAGG	205897_21_0.75_Alt	TCTGTGCCCTGCCCCCAGAGG
205897	T	C	g1/g2/g3:0.0000/0.0296/0.9655	g3	Alt_Target	25	0.25	205897_25_0.25_Ref	TGCCCCTAGAGGTGGAGCCTACAGA	205897_25_0.25_Alt	TGCCCCCAGAGGTGGAGCCTACAGA
205897	T	C	g1/g2/g3:0.0000/0.0296/0.9655	g3	Alt_Target	25	0.5	205897_25_0.5_Ref	GTGCCCTGCCCCTAGAGGTGGAGCC	205897_25_0.5_Alt	GTGCCCTGCCCCCAGAGGTGGAGCC
205897	T	C	g1/g2/g3:0.0000/0.0296/0.9655	g3	Alt_Target	25	0.75	205897_25_0.75_Ref	TTGTCTGTGCCCTGCCCCTAGAGGT	205897_25_0.75_Alt	TTGTCTGTGCCCTGCCCCCAGAGGT
205897	T	C	g1/g2/g3:0.0000/0.0296/0.9655	g3	Alt_Target	31	0.25	205897_31_0.25_Ref	CTGCCCCTAGAGGTGGAGCCTACAGAGGCAG	205897_31_0.25_Alt	CTGCCCCCAGAGGTGGAGCCTACAGAGGCAG
205897	T	C	g1/g2/g3:0.0000/0.0296/0.9655	g3	Alt_Target	31	0.5	205897_31_0.5_Ref	TCTGTGCCCTGCCCCTAGAGGTGGAGCCTAC	205897_31_0.5_Alt	TCTGTGCCCTGCCCCCAGAGGTGGAGCCTAC
205897	T	C	g1/g2/g3:0.0000/0.0296/0.9655	g3	Alt_Target	31	0.75	205897_31_0.75_Ref	TTTGTTTGTCTGTGCCCTGCCCCTAGAGGTG	205897_31_0.75_Alt	TTTGTTTGTCTGTGCCCTGCCCCCAGAGGTG
206025	C	T	g1/g2/g3:0.0000/0.0296/0.9517	g3	Alt_Target	21	0.25	206025_21_0.25_Ref	AGCCTCGCTGCCACCTTGCAG	206025_21_0.25_Alt	AGCCTTGCTGCCACCTTGCAG
206025	C	T	g1/g2/g3:0.0000/0.0296/0.9517	g3	Alt_Target	21	0.5	206025_21_0.5_Ref	CCTCCAGCCTCGCTGCCACCT	206025_21_0.5_Alt	CCTCCAGCCTTGCTGCCACCT
206025	C	T	g1/g2/g3:0.0000/0.0296/0.9517	g3	Alt_Target	21	0.75	206025_21_0.75_Ref	CCCCTCCTCCAGCCTCGCTGC	206025_21_0.75_Alt	CCCCTCCTCCAGCCTTGCTGC
206025	C	T	g1/g2/g3:0.0000/0.0296/0.9517	g3	Alt_Target	25	0.25	206025_25_0.25_Ref	CAGCCTCGCTGCCACCTTGCAGTTT	206025_25_0.25_Alt	CAGCCTTGCTGCCACCTTGCAGTTT
206025	C	T	g1/g2/g3:0.0000/0.0296/0.9517	g3	Alt_Target	25	0.5	206025_25_0.5_Ref	CTCCTCCAGCCTCGCTGCCACCTTG	206025_25_0.5_Alt	CTCCTCCAGCCTTGCTGCCACCTTG
206025	C	T	g1/g2/g3:0.0000/0.0296/0.9517	g3	Alt_Target	25	0.75	206025_25_0.75_Ref	GCGCCCCTCCTCCAGCCTCGCTGCC	206025_25_0.75_Alt	GCGCCCCTCCTCCAGCCTTGCTGCC
206025	C	T	g1/g2/g3:0.0000/0.0296/0.9517	g3	Alt_Target	31	0.25	206025_31_0.25_Ref	CCAGCCTCGCTGCCACCTTGCAGTTTGATCT	206025_31_0.25_Alt	CCAGCCTTGCTGCCACCTTGCAGTTTGATCT
206025	C	T	g1/g2/g3:0.0000/0.0296/0.9517	g3	Alt_Target	31	0.5	206025_31_0.5_Ref	CCCCTCCTCCAGCCTCGCTGCCACCTTGCAG	206025_31_0.5_Alt	CCCCTCCTCCAGCCTTGCTGCCACCTTGCAG
206025	C	T	g1/g2/g3:0.0000/0.0296/0.9517	g3	Alt_Target	31	0.75	206025_31_0.75_Ref	GTCGGGCGCCCCTCCTCCAGCCTCGCTGCCA	206025_31_0.75_Alt	GTCGGGCGCCCCTCCTCCAGCCTTGCTGCCA
207195	A	AA	g1/g2/g3:0.0000/0.0444/0.9655	g3	Alt_Target	21	0.25	207195_21_0.25_Ref	AAAGTAACCTGAGATATTGTG	207195_21_0.25_Alt	AAGTAAACCTGAGATATTGTG
207195	A	AA	g1/g2/g3:0.0000/0.0444/0.9655	g3	Alt_Target	21	0.5	207195_21_0.5_Ref	GGTCAAAAGTAACCTGAGATA	207195_21_0.5_Alt	GTCAAAAGTAAACCTGAGATA
207195	A	AA	g1/g2/g3:0.0000/0.0444/0.9655	g3	Alt_Target	21	0.75	207195_21_0.75_Ref	TTATTGGTCAAAAGTAACCTG	207195_21_0.75_Alt	TATTGGTCAAAAGTAAACCTG
207195	A	AA	g1/g2/g3:0.0000/0.0444/0.9655	g3	Alt_Target	25	0.25	207195_25_0.25_Ref	AAAAGTAACCTGAGATATTGTGTAG	207195_25_0.25_Alt	AAAGTAAACCTGAGATATTGTGTAG
207195	A	AA	g1/g2/g3:0.0000/0.0444/0.9655	g3	Alt_Target	25	0.5	207195_25_0.5_Ref	TTGGTCAAAAGTAACCTGAGATATT	207195_25_0.5_Alt	TGGTCAAAAGTAAACCTGAGATATT
207195	A	AA	g1/g2/g3:0.0000/0.0444/0.9655	g3	Alt_Target	25	0.75	207195_25_0.75_Ref	ACATTATTGGTCAAAAGTAACCTGA	207195_25_0.75_Alt	CATTATTGGTCAAAAGTAAACCTGA
207195	A	AA	g1/g2/g3:0.0000/0.0444/0.9655	g3	Alt_Target	31	0.25	207195_31_0.25_Ref	CAAAAGTAACCTGAGATATTGTGTAGAAAGT	207195_31_0.25_Alt	AAAAGTAAACCTGAGATATTGTGTAGAAAGT
207195	A	AA	g1/g2/g3:0.0000/0.0444/0.9655	g3	Alt_Target	31	0.5	207195_31_0.5_Ref	TTATTGGTCAAAAGTAACCTGAGATATTGTG	207195_31_0.5_Alt	TATTGGTCAAAAGTAAACCTGAGATATTGTG
207195	A	AA	g1/g2/g3:0.0000/0.0444/0.9655	g3	Alt_Target	31	0.75	207195_31_0.75_Ref	TTTACACATTATTGGTCAAAAGTAACCTGAG	207195_31_0.75_Alt	TTACACATTATTGGTCAAAAGTAAACCTGAG
273811	C	A	g1/g2/g3:0.0438/0.9630/0.9724	g2,g3	Alt_Target	21	0.25	273811_21_0.25_Ref	CCTAGCCCACAAGGAGGACCA	273811_21_0.25_Alt	CCTAGACCACAAGGAGGACCA
273811	C	A	g1/g2/g3:0.0438/0.9630/0.9724	g2,g3	Alt_Target	21	0.5	273811_21_0.5_Ref	GTCCTCCTAGCCCACAAGGAG	273811_21_0.5_Alt	GTCCTCCTAGACCACAAGGAG
273811	C	A	g1/g2/g3:0.0438/0.9630/0.9724	g2,g3	Alt_Target	21	0.75	273811_21_0.75_Ref	TGCCTGTCCTCCTAGCCCACA	273811_21_0.75_Alt	TGCCTGTCCTCCTAGACCACA
273811	C	A	g1/g2/g3:0.0438/0.9630/0.9724	g2,g3	Alt_Target	25	0.25	273811_25_0.25_Ref	TCCTAGCCCACAAGGAGGACCAGAA	273811_25_0.25_Alt	TCCTAGACCACAAGGAGGACCAGAA
273811	C	A	g1/g2/g3:0.0438/0.9630/0.9724	g2,g3	Alt_Target	25	0.5	273811_25_0.5_Ref	CTGTCCTCCTAGCCCACAAGGAGGA	273811_25_0.5_Alt	CTGTCCTCCTAGACCACAAGGAGGA
273811	C	A	g1/g2/g3:0.0438/0.9630/0.9724	g2,g3	Alt_Target	25	0.75	273811_25_0.75_Ref	CCTTGCCTGTCCTCCTAGCCCACAA	273811_25_0.75_Alt	CCTTGCCTGTCCTCCTAGACCACAA
273811	C	A	g1/g2/g3:0.0438/0.9630/0.9724	g2,g3	Alt_Target	31	0.25	273811_31_0.25_Ref	CTCCTAGCCCACAAGGAGGACCAGAAAAAAT	273811_31_0.25_Alt	CTCCTAGACCACAAGGAGGACCAGAAAAAAT
273811	C	A	g1/g2/g3:0.0438/0.9630/0.9724	g2,g3	Alt_Target	31	0.5	273811_31_0.5_Ref	TGCCTGTCCTCCTAGCCCACAAGGAGGACCA	273811_31_0.5_Alt	TGCCTGTCCTCCTAGACCACAAGGAGGACCA
273811	C	A	g1/g2/g3:0.0438/0.9630/0.9724	g2,g3	Alt_Target	31	0.75	273811_31_0.75_Ref	TGCACCCTTGCCTGTCCTCCTAGCCCACAAG	273811_31_0.75_Alt	TGCACCCTTGCCTGTCCTCCTAGACCACAAG
273942	A	C	g1/g2/g3:0.0438/0.9630/0.9724	g2,g3	Alt_Target	21	0.25	273942_21_0.25_Ref	TGCCCAAAAAAAGAAGTGGAG	273942_21_0.25_Alt	TGCCCCAAAAAAGAAGTGGAG
273942	A	C	g1/g2/g3:0.0438/0.9630/0.9724	g2,g3	Alt_Target	21	0.5	273942_21_0.5_Ref	TATTATGCCCAAAAAAAGAAG	273942_21_0.5_Alt	TATTATGCCCCAAAAAAGAAG
273942	A	C	g1/g2/g3:0.0438/0.9630/0.9724	g2,g3	Alt_Target	21	0.75	273942_21_0.75_Ref	AAAGATATTATGCCCAAAAAA	273942_21_0.75_Alt	AAAGATATTATGCCCCAAAAA
273942	A	C	g1/g2/g3:0.0438/0.9630/0.9724	g2,g3	Alt_Target	25	0.25	273942_25_0.25_Ref	ATGCCCAAAAAAAGAAGTGGAGGTC	273942_25_0.25_Alt	ATGCCCCAAAAAAGAAGTGGAGGTC
273942	A	C	g1/g2/g3:0.0438/0.9630/0.9724	g2,g3	Alt_Target	25	0.5	273942_25_0.5_Ref	GATATTATGCCCAAAAAAAGAAGTG	273942_25_0.5_Alt	GATATTATGCCCCAAAAAAGAAGTG
273942	A	C	g1/g2/g3:0.0438/0.9630/0.9724	g2,g3	Alt_Target	25	0.75	273942_25_0.75_Ref	TATAAAGATATTATGCCCAAAAAAA	273942_25_0.75_Alt	TATAAAGATATTATGCCCCAAAAAA
273942	A	C	g1/g2/g3:0.0438/0.9630/0.9724	g2,g3	Alt_Target	31	0.25	273942_31_0.25_Ref	TATGCCCAAAAAAAGAAGTGGAGGTCCATAA	273942_31_0.25_Alt	TATGCCCCAAAAAAGAAGTGGAGGTCCATAA
273942	A	C	g1/g2/g3:0.0438/0.9630/0.9724	g2,g3	Alt_Target	31	0.5	273942_31_0.5_Ref	AAAGATATTATGCCCAAAAAAAGAAGTGGAG	273942_31_0.5_Alt	AAAGATATTATGCCCCAAAAAAGAAGTGGAG
273942	A	C	g1/g2/g3:0.0438/0.9630/0.9724	g2,g3	Alt_Target	31	0.75	273942_31_0.75_Ref	TGTCCTATAAAGATATTATGCCCAAAAAAAG	273942_31_0.75_Alt	TGTCCTATAAAGATATTATGCCCCAAAAAAG
274903	A	C	g1/g2/g3:0.0657/0.9704/0.9724	g2,g3	Alt_Target	21	0.25	274903_21_0.25_Ref	GTTACAGTTCTAAAAGATGGT	274903_21_0.25_Alt	GTTACCGTTCTAAAAGATGGT
274903	A	C	g1/g2/g3:0.0657/0.9704/0.9724	g2,g3	Alt_Target	21	0.5	274903_21_0.5_Ref	TGAGTGTTACAGTTCTAAAAG	274903_21_0.5_Alt	TGAGTGTTACCGTTCTAAAAG
274903	A	C	g1/g2/g3:0.0657/0.9704/0.9724	g2,g3	Alt_Target	21	0.75	274903_21_0.75_Ref	AGTGGTGAGTGTTACAGTTCT	274903_21_0.75_Alt	AGTGGTGAGTGTTACCGTTCT
274903	A	C	g1/g2/g3:0.0657/0.9704/0.9724	g2,g3	Alt_Target	25	0.25	274903_25_0.25_Ref	TGTTACAGTTCTAAAAGATGGTGTG	274903_25_0.25_Alt	TGTTACCGTTCTAAAAGATGGTGTG
274903	A	C	g1/g2/g3:0.0657/0.9704/0.9724	g2,g3	Alt_Target	25	0.5	274903_25_0.5_Ref	GGTGAGTGTTACAGTTCTAAAAGAT	274903_25_0.5_Alt	GGTGAGTGTTACCGTTCTAAAAGAT
274903	A	C	g1/g2/g3:0.0657/0.9704/0.9724	g2,g3	Alt_Target	25	0.75	274903_25_0.75_Ref	CCTAGTGGTGAGTGTTACAGTTCTA	274903_25_0.75_Alt	CCTAGTGGTGAGTGTTACCGTTCTA
274903	A	C	g1/g2/g3:0.0657/0.9704/0.9724	g2,g3	Alt_Target	31	0.25	274903_31_0.25_Ref	GTGTTACAGTTCTAAAAGATGGTGTGTCTAG	274903_31_0.25_Alt	GTGTTACCGTTCTAAAAGATGGTGTGTCTAG
274903	A	C	g1/g2/g3:0.0657/0.9704/0.9724	g2,g3	Alt_Target	31	0.5	274903_31_0.5_Ref	AGTGGTGAGTGTTACAGTTCTAAAAGATGGT	274903_31_0.5_Alt	AGTGGTGAGTGTTACCGTTCTAAAAGATGGT
274903	A	C	g1/g2/g3:0.0657/0.9704/0.9724	g2,g3	Alt_Target	31	0.75	274903_31_0.75_Ref	CCAACCCTAGTGGTGAGTGTTACAGTTCTAA	274903_31_0.75_Alt	CCAACCCTAGTGGTGAGTGTTACCGTTCTAA
275766	T	C	g1/g2/g3:0.0438/0.9704/0.9724	g2,g3	Alt_Target	21	0.25	275766_21_0.25_Ref	GAGTGTCATGCACAGCCCTGG	275766_21_0.25_Alt	GAGTGCCATGCACAGTCCTGG
275766	T	C	g1/g2/g3:0.0438/0.9704/0.9724	g2,g3	Alt_Target	21	0.5	275766_21_0.5_Ref	CCCAGGAGTGTCATGCACAGC	275766_21_0.5_Alt	CCCAGGAGTGCCATGCACAGT
275766	T	C	g1/g2/g3:0.0438/0.9704/0.9724	g2,g3	Alt_Target	21	0.75	275766_21_0.75_Ref	GTCAGCCCAGGAGTGTCATGC	275766_21_0.75_Alt	GTCAGCCCAGGAGTGCCATGC
275766	T	C	g1/g2/g3:0.0438/0.9704/0.9724	g2,g3	Alt_Target	25	0.25	275766_25_0.25_Ref	GGAGTGTCATGCACAGCCCTGGCTC	275766_25_0.25_Alt	GGAGTGCCATGCACAGTCCTGGCTC
275766	T	C	g1/g2/g3:0.0438/0.9704/0.9724	g2,g3	Alt_Target	25	0.5	275766_25_0.5_Ref	AGCCCAGGAGTGTCATGCACAGCCC	275766_25_0.5_Alt	AGCCCAGGAGTGCCATGCACAGTCC
275766	T	C	g1/g2/g3:0.0438/0.9704/0.9724	g2,g3	Alt_Target	25	0.75	275766_25_0.75_Ref	AATGTCAGCCCAGGAGTGTCATGCA	275766_25_0.75_Alt	AATGTCAGCCCAGGAGTGCCATGCA
275766	T	C	g1/g2/g3:0.0438/0.9704/0.9724	g2,g3	Alt_Target	31	0.25	275766_31_0.25_Ref	AGGAGTGTCATGCACAGCCCTGGCTCCCACT	275766_31_0.25_Alt	AGGAGTGCCATGCACAGTCCTGGCTCCCACT
275766	T	C	g1/g2/g3:0.0438/0.9704/0.9724	g2,g3	Alt_Target	31	0.5	275766_31_0.5_Ref	GTCAGCCCAGGAGTGTCATGCACAGCCCTGG	275766_31_0.5_Alt	GTCAGCCCAGGAGTGCCATGCACAGTCCTGG
275766	T	C	g1/g2/g3:0.0438/0.9704/0.9724	g2,g3	Alt_Target	31	0.75	275766_31_0.75_Ref	GAACCAATGTCAGCCCAGGAGTGTCATGCAC	275766_31_0.75_Alt	GAACCAATGTCAGCCCAGGAGTGCCATGCAC
276717	G	A	g1/g2/g3:0.0292/0.9630/0.9724	g2,g3	Alt_Target	21	0.25	276717_21_0.25_Ref	ATTATGGTATTATGTAGAATA	276717_21_0.25_Alt	ATTATAGTATTATGTAGAATA
276717	G	A	g1/g2/g3:0.0292/0.9630/0.9724	g2,g3	Alt_Target	21	0.5	276717_21_0.5_Ref	CCAAAATTATGGTATTATGTA	276717_21_0.5_Alt	CCAAAATTATAGTATTATGTA
276717	G	A	g1/g2/g3:0.0292/0.9630/0.9724	g2,g3	Alt_Target	21	0.75	276717_21_0.75_Ref	TATATCCAAAATTATGGTATT	276717_21_0.75_Alt	TATATCCAAAATTATAGTATT
276717	G	A	g1/g2/g3:0.0292/0.9630/0.9724	g2,g3	Alt_Target	25	0.25	276717_25_0.25_Ref	AATTATGGTATTATGTAGAATAGTT	276717_25_0.25_Alt	AATTATAGTATTATGTAGAATAGTT
276717	G	A	g1/g2/g3:0.0292/0.9630/0.9724	g2,g3	Alt_Target	25	0.5	276717_25_0.5_Ref	ATCCAAAATTATGGTATTATGTAGA	276717_25_0.5_Alt	ATCCAAAATTATAGTATTATGTAGA
276717	G	A	g1/g2/g3:0.0292/0.9630/0.9724	g2,g3	Alt_Target	25	0.75	276717_25_0.75_Ref	AAATATATCCAAAATTATGGTATTA	276717_25_0.75_Alt	AAATATATCCAAAATTATAGTATTA
276717	G	A	g1/g2/g3:0.0292/0.9630/0.9724	g2,g3	Alt_Target	31	0.25	276717_31_0.25_Ref	AAATTATGGTATTATGTAGAATAGTTTCAGT	276717_31_0.25_Alt	AAATTATAGTATTATGTAGAATAGTTTCAGT
276717	G	A	g1/g2/g3:0.0292/0.9630/0.9724	g2,g3	Alt_Target	31	0.5	276717_31_0.5_Ref	TATATCCAAAATTATGGTATTATGTAGAATA	276717_31_0.5_Alt	TATATCCAAAATTATAGTATTATGTAGAATA
276717	G	A	g1/g2/g3:0.0292/0.9630/0.9724	g2,g3	Alt_Target	31	0.75	276717_31_0.75_Ref	TAATAAAATATATCCAAAATTATGGTATTAT	276717_31_0.75_Alt	TAATAAAATATATCCAAAATTATAGTATTAT
277133	G	C	g1/g2/g3:0.0438/0.9704/0.9724	g2,g3	Alt_Target	21	0.25	277133_21_0.25_Ref	TAAAAGAAAACAAAGCCTACC	277133_21_0.25_Alt	TAAAACAAAACAAAGCCTACC
277133	G	C	g1/g2/g3:0.0438/0.9704/0.9724	g2,g3	Alt_Target	21	0.5	277133_21_0.5_Ref	TTTGTTAAAAGAAAACAAAGC	277133_21_0.5_Alt	TTTGTTAAAACAAAACAAAGC
277133	G	C	g1/g2/g3:0.0438/0.9704/0.9724	g2,g3	Alt_Target	21	0.75	277133_21_0.75_Ref	TTAGTTTTGTTAAAAGAAAAC	277133_21_0.75_Alt	TTAGTTTTGTTAAAACAAAAC
277133	G	C	g1/g2/g3:0.0438/0.9704/0.9724	g2,g3	Alt_Target	25	0.25	277133_25_0.25_Ref	TTAAAAGAAAACAAAGCCTACCAGA	277133_25_0.25_Alt	TTAAAACAAAACAAAGCCTACCAGA
277133	G	C	g1/g2/g3:0.0438/0.9704/0.9724	g2,g3	Alt_Target	25	0.5	277133_25_0.5_Ref	GTTTTGTTAAAAGAAAACAAAGCCT	277133_25_0.5_Alt	GTTTTGTTAAAACAAAACAAAGCCT
277133	G	C	g1/g2/g3:0.0438/0.9704/0.9724	g2,g3	Alt_Target	25	0.75	277133_25_0.75_Ref	TGTTTAGTTTTGTTAAAAGAAAACA	277133_25_0.75_Alt	TGTTTAGTTTTGTTAAAACAAAACA
277133	G	C	g1/g2/g3:0.0438/0.9704/0.9724	g2,g3	Alt_Target	31	0.25	277133_31_0.25_Ref	GTTAAAAGAAAACAAAGCCTACCAGACATTC	277133_31_0.25_Alt	GTTAAAACAAAACAAAGCCTACCAGACATTC
277133	G	C	g1/g2/g3:0.0438/0.9704/0.9724	g2,g3	Alt_Target	31	0.5	277133_31_0.5_Ref	TTAGTTTTGTTAAAAGAAAACAAAGCCTACC	277133_31_0.5_Alt	TTAGTTTTGTTAAAACAAAACAAAGCCTACC
277133	G	C	g1/g2/g3:0.0438/0.9704/0.9724	g2,g3	Alt_Target	31	0.75	277133_31_0.75_Ref	GAGAGTGTTTAGTTTTGTTAAAAGAAAACAA	277133_31_0.75_Alt	GAGAGTGTTTAGTTTTGTTAAAACAAAACAA
277742	C	G	g1/g2/g3:0.0292/0.9704/0.9724	g2,g3	Alt_Target	21	0.25	277742_21_0.25_Ref	TGTAGCGGGGACCACAGTCTC	277742_21_0.25_Alt	TGTAGGGGGGACCACAGTCTC
277742	C	G	g1/g2/g3:0.0292/0.9704/0.9724	g2,g3	Alt_Target	21	0.5	277742_21_0.5_Ref	CCACCTGTAGCGGGGACCACA	277742_21_0.5_Alt	CCACCTGTAGGGGGGACCACA
277742	C	G	g1/g2/g3:0.0292/0.9704/0.9724	g2,g3	Alt_Target	21	0.75	277742_21_0.75_Ref	GCTCACCACCTGTAGCGGGGA	277742_21_0.75_Alt	GCTCACCACCTGTAGGGGGGA
277742	C	G	g1/g2/g3:0.0292/0.9704/0.9724	g2,g3	Alt_Target	25	0.25	277742_25_0.25_Ref	CTGTAGCGGGGACCACAGTCTCATG	277742_25_0.25_Alt	CTGTAGGGGGGACCACAGTCTCATG
277742	C	G	g1/g2/g3:0.0292/0.9704/0.9724	g2,g3	Alt_Target	25	0.5	277742_25_0.5_Ref	CACCACCTGTAGCGGGGACCACAGT	277742_25_0.5_Alt	CACCACCTGTAGGGGGGACCACAGT
277742	C	G	g1/g2/g3:0.0292/0.9704/0.9724	g2,g3	Alt_Target	25	0.75	277742_25_0.75_Ref	CCAGCTCACCACCTGTAGCGGGGAC	277742_25_0.75_Alt	CCAGCTCACCACCTGTAGGGGGGAC
277742	C	G	g1/g2/g3:0.0292/0.9704/0.9724	g2,g3	Alt_Target	31	0.25	277742_31_0.25_Ref	CCTGTAGCGGGGACCACAGTCTCATGCCACT	277742_31_0.25_Alt	CCTGTAGGGGGGACCACAGTCTCATGCCACT
277742	C	G	g1/g2/g3:0.0292/0.9704/0.9724	g2,g3	Alt_Target	31	0.5	277742_31_0.5_Ref	GCTCACCACCTGTAGCGGGGACCACAGTCTC	277742_31_0.5_Alt	GCTCACCACCTGTAGGGGGGACCACAGTCTC
277742	C	G	g1/g2/g3:0.0292/0.9704/0.9724	g2,g3	Alt_Target	31	0.75	277742_31_0.75_Ref	TTCTCCCAGCTCACCACCTGTAGCGGGGACC	277742_31_0.75_Alt	TTCTCCCAGCTCACCACCTGTAGGGGGGACC
278891	C	T	g1/g2/g3:0.0219/0.9704/0.9724	g2,g3	Alt_Target	21	0.25	278891_21_0.25_Ref	CATCTCCACATGTTTTATCTC	278891_21_0.25_Alt	CATCTTCACATGTTTTATCTC
278891	C	T	g1/g2/g3:0.0219/0.9704/0.9724	g2,g3	Alt_Target	21	0.5	278891_21_0.5_Ref	CCATTCATCTCCACATGTTTT	278891_21_0.5_Alt	CCATTCATCTTCACATGTTTT
278891	C	T	g1/g2/g3:0.0219/0.9704/0.9724	g2,g3	Alt_Target	21	0.75	278891_21_0.75_Ref	TGACTCCATTCATCTCCACAT	278891_21_0.75_Alt	TGACTCCATTCATCTTCACAT
278891	C	T	g1/g2/g3:0.0219/0.9704/0.9724	g2,g3	Alt_Target	25	0.25	278891_25_0.25_Ref	TCATCTCCACATGTTTTATCTCTGC	278891_25_0.25_Alt	TCATCTTCACATGTTTTATCTCTGC
278891	C	T	g1/g2/g3:0.0219/0.9704/0.9724	g2,g3	Alt_Target	25	0.5	278891_25_0.5_Ref	CTCCATTCATCTCCACATGTTTTAT	278891_25_0.5_Alt	CTCCATTCATCTTCACATGTTTTAT
278891	C	T	g1/g2/g3:0.0219/0.9704/0.9724	g2,g3	Alt_Target	25	0.75	278891_25_0.75_Ref	TAATGACTCCATTCATCTCCACATG	278891_25_0.75_Alt	TAATGACTCCATTCATCTTCACATG
278891	C	T	g1/g2/g3:0.0219/0.9704/0.9724	g2,g3	Alt_Target	31	0.25	278891_31_0.25_Ref	TTCATCTCCACATGTTTTATCTCTGCCTAGA	278891_31_0.25_Alt	TTCATCTTCACATGTTTTATCTCTGCCTAGA
278891	C	T	g1/g2/g3:0.0219/0.9704/0.9724	g2,g3	Alt_Target	31	0.5	278891_31_0.5_Ref	TGACTCCATTCATCTCCACATGTTTTATCTC	278891_31_0.5_Alt	TGACTCCATTCATCTTCACATGTTTTATCTC
278891	C	T	g1/g2/g3:0.0219/0.9704/0.9724	g2,g3	Alt_Target	31	0.75	278891_31_0.75_Ref	GATTATAATGACTCCATTCATCTCCACATGT	278891_31_0.75_Alt	GATTATAATGACTCCATTCATCTTCACATGT
281245	T	C	g1/g2/g3:0.0365/0.9037/0.9724	g2,g3	Alt_Target	21	0.25	281245_21_0.25_Ref	GGTTGTGAAAATTTTCTCCCA	281245_21_0.25_Alt	GGTTGCGAAAATTTTCTCCCA
281245	T	C	g1/g2/g3:0.0365/0.9037/0.9724	g2,g3	Alt_Target	21	0.5	281245_21_0.5_Ref	GAGTAGGTTGTGAAAATTTTC	281245_21_0.5_Alt	GAGTAGGTTGCGAAAATTTTC
281245	T	C	g1/g2/g3:0.0365/0.9037/0.9724	g2,g3	Alt_Target	21	0.75	281245_21_0.75_Ref	CAGATGAGTAGGTTGTGAAAA	281245_21_0.75_Alt	CAGATGAGTAGGTTGCGAAAA
281245	T	C	g1/g2/g3:0.0365/0.9037/0.9724	g2,g3	Alt_Target	25	0.25	281245_25_0.25_Ref	AGGTTGTGAAAATTTTCTCCCATTT	281245_25_0.25_Alt	AGGTTGCGAAAATTTTCTCCCATTT
281245	T	C	g1/g2/g3:0.0365/0.9037/0.9724	g2,g3	Alt_Target	25	0.5	281245_25_0.5_Ref	ATGAGTAGGTTGTGAAAATTTTCTC	281245_25_0.5_Alt	ATGAGTAGGTTGCGAAAATTTTCTC
281245	T	C	g1/g2/g3:0.0365/0.9037/0.9724	g2,g3	Alt_Target	25	0.75	281245_25_0.75_Ref	TGTCAGATGAGTAGGTTGTGAAAAT	281245_25_0.75_Alt	TGTCAGATGAGTAGGTTGCGAAAAT
281245	T	C	g1/g2/g3:0.0365/0.9037/0.9724	g2,g3	Alt_Target	31	0.25	281245_31_0.25_Ref	TAGGTTGTGAAAATTTTCTCCCATTTTGTAG	281245_31_0.25_Alt	TAGGTTGCGAAAATTTTCTCCCATTTTGTAG
281245	T	C	g1/g2/g3:0.0365/0.9037/0.9724	g2,g3	Alt_Target	31	0.5	281245_31_0.5_Ref	CAGATGAGTAGGTTGTGAAAATTTTCTCCCA	281245_31_0.5_Alt	CAGATGAGTAGGTTGCGAAAATTTTCTCCCA
281245	T	C	g1/g2/g3:0.0365/0.9037/0.9724	g2,g3	Alt_Target	31	0.75	281245_31_0.75_Ref	CCCTTTGTCAGATGAGTAGGTTGTGAAAATT	281245_31_0.75_Alt	CCCTTTGTCAGATGAGTAGGTTGCGAAAATT
281534	A	T	g1/g2/g3:0.0438/0.9704/0.9655	g2,g3	Alt_Target	21	0.25	281534_21_0.25_Ref	CTTTCAACATATGGCTAGCCA	281534_21_0.25_Alt	CTTTCTACATATGGCTAGCCA
281534	A	T	g1/g2/g3:0.0438/0.9704/0.9655	g2,g3	Alt_Target	21	0.5	281534_21_0.5_Ref	TTCAGCTTTCAACATATGGCT	281534_21_0.5_Alt	TTCAGCTTTCTACATATGGCT
281534	A	T	g1/g2/g3:0.0438/0.9704/0.9655	g2,g3	Alt_Target	21	0.75	281534_21_0.75_Ref	CCAGTTTCAGCTTTCAACATA	281534_21_0.75_Alt	CCAGTTTCAGCTTTCTACATA
281534	A	T	g1/g2/g3:0.0438/0.9704/0.9655	g2,g3	Alt_Target	25	0.25	281534_25_0.25_Ref	GCTTTCAACATATGGCTAGCCAGTT	281534_25_0.25_Alt	GCTTTCTACATATGGCTAGCCAGTT
281534	A	T	g1/g2/g3:0.0438/0.9704/0.9655	g2,g3	Alt_Target	25	0.5	281534_25_0.5_Ref	GTTTCAGCTTTCAACATATGGCTAG	281534_25_0.5_Alt	GTTTCAGCTTTCTACATATGGCTAG
281534	A	T	g1/g2/g3:0.0438/0.9704/0.9655	g2,g3	Alt_Target	25	0.75	281534_25_0.75_Ref	GATCCAGTTTCAGCTTTCAACATAT	281534_25_0.75_Alt	GATCCAGTTTCAGCTTTCTACATAT
281534	A	T	g1/g2/g3:0.0438/0.9704/0.9655	g2,g3	Alt_Target	31	0.25	281534_31_0.25_Ref	AGCTTTCAACATATGGCTAGCCAGTTTTCCC	281534_31_0.25_Alt	AGCTTTCTACATATGGCTAGCCAGTTTTCCC
281534	A	T	g1/g2/g3:0.0438/0.9704/0.9655	g2,g3	Alt_Target	31	0.5	281534_31_0.5_Ref	CCAGTTTCAGCTTTCAACATATGGCTAGCCA	281534_31_0.5_Alt	CCAGTTTCAGCTTTCTACATATGGCTAGCCA
281534	A	T	g1/g2/g3:0.0438/0.9704/0.9655	g2,g3	Alt_Target	31	0.75	281534_31_0.75_Ref	GAAGGGATCCAGTTTCAGCTTTCAACATATG	281534_31_0.75_Alt	GAAGGGATCCAGTTTCAGCTTTCTACATATG
282583	G	A	g1/g2/g3:0.0292/0.9630/0.9724	g2,g3	Alt_Target	21	0.25	282583_21_0.25_Ref	TAATCGTGTGGTTTTTGTCTT	282583_21_0.25_Alt	TAATCATGTGGTTTTTGTCTT
282583	G	A	g1/g2/g3:0.0292/0.9630/0.9724	g2,g3	Alt_Target	21	0.5	282583_21_0.5_Ref	TGAGATAATCGTGTGGTTTTT	282583_21_0.5_Alt	TGAGATAATCATGTGGTTTTT
282583	G	A	g1/g2/g3:0.0292/0.9630/0.9724	g2,g3	Alt_Target	21	0.75	282583_21_0.75_Ref	TCTATTGAGATAATCGTGTGG	282583_21_0.75_Alt	TCTATTGAGATAATCATGTGG
282583	G	A	g1/g2/g3:0.0292/0.9630/0.9724	g2,g3	Alt_Target	25	0.25	282583_25_0.25_Ref	ATAATCGTGTGGTTTTTGTCTTTGG	282583_25_0.25_Alt	ATAATCATGTGGTTTTTGTCTTTGG
282583	G	A	g1/g2/g3:0.0292/0.9630/0.9724	g2,g3	Alt_Target	25	0.5	282583_25_0.5_Ref	ATTGAGATAATCGTGTGGTTTTTGT	282583_25_0.5_Alt	ATTGAGATAATCATGTGGTTTTTGT
282583	G	A	g1/g2/g3:0.0292/0.9630/0.9724	g2,g3	Alt_Target	25	0.75	282583_25_0.75_Ref	GCATCTATTGAGATAATCGTGTGGT	282583_25_0.75_Alt	GCATCTATTGAGATAATCATGTGGT
282583	G	A	g1/g2/g3:0.0292/0.9630/0.9724	g2,g3	Alt_Target	31	0.25	282583_31_0.25_Ref	GATAATCGTGTGGTTTTTGTCTTTGGTTCTG	282583_31_0.25_Alt	GATAATCATGTGGTTTTTGTCTTTGGTTCTG
282583	G	A	g1/g2/g3:0.0292/0.9630/0.9724	g2,g3	Alt_Target	31	0.5	282583_31_0.5_Ref	TCTATTGAGATAATCGTGTGGTTTTTGTCTT	282583_31_0.5_Alt	TCTATTGAGATAATCATGTGGTTTTTGTCTT
282583	G	A	g1/g2/g3:0.0292/0.9630/0.9724	g2,g3	Alt_Target	31	0.75	282583_31_0.75_Ref	TTTCTGCATCTATTGAGATAATCGTGTGGTT	282583_31_0.75_Alt	TTTCTGCATCTATTGAGATAATCATGTGGTT
282978	A	C	g1/g2/g3:0.0292/0.9704/0.9724	g2,g3	Alt_Target	21	0.25	282978_21_0.25_Ref	GCACTATTCACAATAGCAAAG	282978_21_0.25_Alt	GCACTCTTCACAATAGCAAAG
282978	A	C	g1/g2/g3:0.0292/0.9704/0.9724	g2,g3	Alt_Target	21	0.5	282978_21_0.5_Ref	TTGTGGCACTATTCACAATAG	282978_21_0.5_Alt	TTGTGGCACTCTTCACAATAG
282978	A	C	g1/g2/g3:0.0292/0.9704/0.9724	g2,g3	Alt_Target	21	0.75	282978_21_0.75_Ref	GTTTATTGTGGCACTATTCAC	282978_21_0.75_Alt	GTTTATTGTGGCACTCTTCAC
282978	A	C	g1/g2/g3:0.0292/0.9704/0.9724	g2,g3	Alt_Target	25	0.25	282978_25_0.25_Ref	GGCACTATTCACAATAGCAAAGACT	282978_25_0.25_Alt	GGCACTCTTCACAATAGCAAAGACT
282978	A	C	g1/g2/g3:0.0292/0.9704/0.9724	g2,g3	Alt_Target	25	0.5	282978_25_0.5_Ref	TATTGTGGCACTATTCACAATAGCA	282978_25_0.5_Alt	TATTGTGGCACTCTTCACAATAGCA
282978	A	C	g1/g2/g3:0.0292/0.9704/0.9724	g2,g3	Alt_Target	25	0.75	282978_25_0.75_Ref	TATGTTTATTGTGGCACTATTCACA	282978_25_0.75_Alt	TATGTTTATTGTGGCACTCTTCACA
282978	A	C	g1/g2/g3:0.0292/0.9704/0.9724	g2,g3	Alt_Target	31	0.25	282978_31_0.25_Ref	TGGCACTATTCACAATAGCAAAGACTTGGAA	282978_31_0.25_Alt	TGGCACTCTTCACAATAGCAAAGACTTGGAA
282978	A	C	g1/g2/g3:0.0292/0.9704/0.9724	g2,g3	Alt_Target	31	0.5	282978_31_0.5_Ref	GTTTATTGTGGCACTATTCACAATAGCAAAG	282978_31_0.5_Alt	GTTTATTGTGGCACTCTTCACAATAGCAAAG
282978	A	C	g1/g2/g3:0.0292/0.9704/0.9724	g2,g3	Alt_Target	31	0.75	282978_31_0.75_Ref	ACACATATGTTTATTGTGGCACTATTCACAA	282978_31_0.75_Alt	ACACATATGTTTATTGTGGCACTCTTCACAA
283108	A	G	g1/g2/g3:0.0292/0.9704/0.9724	g2,g3	Alt_Target	21	0.25	283108_21_0.25_Ref	TTTTAAGGACATGGATGAAAT	283108_21_0.25_Alt	TTTTAGGGACATGGATGAAAT
283108	A	G	g1/g2/g3:0.0292/0.9704/0.9724	g2,g3	Alt_Target	21	0.5	283108_21_0.5_Ref	GTCCTTTTTAAGGACATGGAT	283108_21_0.5_Alt	GTCCTTTTTAGGGACATGGAT
283108	A	G	g1/g2/g3:0.0292/0.9704/0.9724	g2,g3	Alt_Target	21	0.75	283108_21_0.75_Ref	TTCATGTCCTTTTTAAGGACA	283108_21_0.75_Alt	TTCATGTCCTTTTTAGGGACA
283108	A	G	g1/g2/g3:0.0292/0.9704/0.9724	g2,g3	Alt_Target	25	0.25	283108_25_0.25_Ref	TTTTTAAGGACATGGATGAAATTGG	283108_25_0.25_Alt	TTTTTAGGGACATGGATGAAATTGG
283108	A	G	g1/g2/g3:0.0292/0.9704/0.9724	g2,g3	Alt_Target	25	0.5	283108_25_0.5_Ref	ATGTCCTTTTTAAGGACATGGATGA	283108_25_0.5_Alt	ATGTCCTTTTTAGGGACATGGATGA
283108	A	G	g1/g2/g3:0.0292/0.9704/0.9724	g2,g3	Alt_Target	25	0.75	283108_25_0.75_Ref	GAGTTCATGTCCTTTTTAAGGACAT	283108_25_0.75_Alt	GAGTTCATGTCCTTTTTAGGGACAT
283108	A	G	g1/g2/g3:0.0292/0.9704/0.9724	g2,g3	Alt_Target	31	0.25	283108_31_0.25_Ref	CTTTTTAAGGACATGGATGAAATTGGAAATC	283108_31_0.25_Alt	CTTTTTAGGGACATGGATGAAATTGGAAATC
283108	A	G	g1/g2/g3:0.0292/0.9704/0.9724	g2,g3	Alt_Target	31	0.5	283108_31_0.5_Ref	TTCATGTCCTTTTTAAGGACATGGATGAAAT	283108_31_0.5_Alt	TTCATGTCCTTTTTAGGGACATGGATGAAAT
283108	A	G	g1/g2/g3:0.0292/0.9704/0.9724	g2,g3	Alt_Target	31	0.75	283108_31_0.75_Ref	ATGATGAGTTCATGTCCTTTTTAAGGACATG	283108_31_0.75_Alt	ATGATGAGTTCATGTCCTTTTTAGGGACATG
283174	T	C	g1/g2/g3:0.0292/0.9704/0.9724	g2,g3	Alt_Target	21	0.25	283174_21_0.25_Ref	AACACTGTATATTCTCACTCA	283174_21_0.25_Alt	AACACCGTATATTCTCACTCA
283174	T	C	g1/g2/g3:0.0292/0.9704/0.9724	g2,g3	Alt_Target	21	0.5	283174_21_0.5_Ref	AACCAAACACTGTATATTCTC	283174_21_0.5_Alt	AACCAAACACCGTATATTCTC
283174	T	C	g1/g2/g3:0.0292/0.9704/0.9724	g2,g3	Alt_Target	21	0.75	283174_21_0.75_Ref	CAAAAAACCAAACACTGTATA	283174_21_0.75_Alt	CAAAAAACCAAACACCGTATA
283174	T	C	g1/g2/g3:0.0292/0.9704/0.9724	g2,g3	Alt_Target	25	0.25	283174_25_0.25_Ref	AAACACTGTATATTCTCACTCATAG	283174_25_0.25_Alt	AAACACCGTATATTCTCACTCATAG
283174	T	C	g1/g2/g3:0.0292/0.9704/0.9724	g2,g3	Alt_Target	25	0.5	283174_25_0.5_Ref	AAAACCAAACACTGTATATTCTCAC	283174_25_0.5_Alt	AAAACCAAACACCGTATATTCTCAC
283174	T	C	g1/g2/g3:0.0292/0.9704/0.9724	g2,g3	Alt_Target	25	0.75	283174_25_0.75_Ref	GAACAAAAAACCAAACACTGTATAT	283174_25_0.75_Alt	GAACAAAAAACCAAACACCGTATAT
283174	T	C	g1/g2/g3:0.0292/0.9704/0.9724	g2,g3	Alt_Target	31	0.25	283174_31_0.25_Ref	CAAACACTGTATATTCTCACTCATAGGTGGG	283174_31_0.25_Alt	CAAACACCGTATATTCTCACTCATAGGTGGG
283174	T	C	g1/g2/g3:0.0292/0.9704/0.9724	g2,g3	Alt_Target	31	0.5	283174_31_0.5_Ref	CAAAAAACCAAACACTGTATATTCTCACTCA	283174_31_0.5_Alt	CAAAAAACCAAACACCGTATATTCTCACTCA
283174	T	C	g1/g2/g3:0.0292/0.9704/0.9724	g2,g3	Alt_Target	31	0.75	283174_31_0.75_Ref	TGCAAGAACAAAAAACCAAACACTGTATATT	283174_31_0.75_Alt	TGCAAGAACAAAAAACCAAACACCGTATATT
283599	G	A	g1/g2/g3:0.0657/0.9704/0.9724	g2,g3	Alt_Target	21	0.25	283599_21_0.25_Ref	ACAGAGAATGCCACAAAGATA	283599_21_0.25_Alt	ACAGAAAATGCCACAAAGATA
283599	G	A	g1/g2/g3:0.0657/0.9704/0.9724	g2,g3	Alt_Target	21	0.5	283599_21_0.5_Ref	GAAATACAGAGAATGCCACAA	283599_21_0.5_Alt	GAAATACAGAAAATGCCACAA
283599	G	A	g1/g2/g3:0.0657/0.9704/0.9724	g2,g3	Alt_Target	21	0.75	283599_21_0.75_Ref	TTCAGGAAATACAGAGAATGC	283599_21_0.75_Alt	TTCAGGAAATACAGAAAATGC
283599	G	A	g1/g2/g3:0.0657/0.9704/0.9724	g2,g3	Alt_Target	25	0.25	283599_25_0.25_Ref	TACAGAGAATGCCACAAAGATAATC	283599_25_0.25_Alt	TACAGAAAATGCCACAAAGATAATC
283599	G	A	g1/g2/g3:0.0657/0.9704/0.9724	g2,g3	Alt_Target	25	0.5	283599_25_0.5_Ref	AGGAAATACAGAGAATGCCACAAAG	283599_25_0.5_Alt	AGGAAATACAGAAAATGCCACAAAG
283599	G	A	g1/g2/g3:0.0657/0.9704/0.9724	g2,g3	Alt_Target	25	0.75	283599_25_0.75_Ref	AAATTCAGGAAATACAGAGAATGCC	283599_25_0.75_Alt	AAATTCAGGAAATACAGAAAATGCC
283599	G	A	g1/g2/g3:0.0657/0.9704/0.9724	g2,g3	Alt_Target	31	0.25	283599_31_0.25_Ref	ATACAGAGAATGCCACAAAGATAATCCTCGA	283599_31_0.25_Alt	ATACAGAAAATGCCACAAAGATAATCCTCGA
283599	G	A	g1/g2/g3:0.0657/0.9704/0.9724	g2,g3	Alt_Target	31	0.5	283599_31_0.5_Ref	TTCAGGAAATACAGAGAATGCCACAAAGATA	283599_31_0.5_Alt	TTCAGGAAATACAGAAAATGCCACAAAGATA
283599	G	A	g1/g2/g3:0.0657/0.9704/0.9724	g2,g3	Alt_Target	31	0.75	283599_31_0.75_Ref	CATTCAAATTCAGGAAATACAGAGAATGCCA	283599_31_0.75_Alt	CATTCAAATTCAGGAAATACAGAAAATGCCA
283750	C	T	g1/g2/g3:0.0657/0.9704/0.9724	g2,g3	Alt_Target	21	0.25	283750_21_0.25_Ref	GCTGACCTCTCAGCAGAAACT	283750_21_0.25_Alt	GCTGATCTCTCAGCAGAAACT
283750	C	T	g1/g2/g3:0.0657/0.9704/0.9724	g2,g3	Alt_Target	21	0.5	283750_21_0.5_Ref	TAACAGCTGACCTCTCAGCAG	283750_21_0.5_Alt	TAACAGCTGATCTCTCAGCAG
283750	C	T	g1/g2/g3:0.0657/0.9704/0.9724	g2,g3	Alt_Target	21	0.75	283750_21_0.75_Ref	CAGACTAACAGCTGACCTCTC	283750_21_0.75_Alt	CAGACTAACAGCTGATCTCTC
283750	C	T	g1/g2/g3:0.0657/0.9704/0.9724	g2,g3	Alt_Target	25	0.25	283750_25_0.25_Ref	AGCTGACCTCTCAGCAGAAACTCTA	283750_25_0.25_Alt	AGCTGATCTCTCAGCAGAAACTCTA
283750	C	T	g1/g2/g3:0.0657/0.9704/0.9724	g2,g3	Alt_Target	25	0.5	283750_25_0.5_Ref	ACTAACAGCTGACCTCTCAGCAGAA	283750_25_0.5_Alt	ACTAACAGCTGATCTCTCAGCAGAA
283750	C	T	g1/g2/g3:0.0657/0.9704/0.9724	g2,g3	Alt_Target	25	0.75	283750_25_0.75_Ref	CATCAGACTAACAGCTGACCTCTCA	283750_25_0.75_Alt	CATCAGACTAACAGCTGATCTCTCA
283750	C	T	g1/g2/g3:0.0657/0.9704/0.9724	g2,g3	Alt_Target	31	0.25	283750_31_0.25_Ref	CAGCTGACCTCTCAGCAGAAACTCTACAAGC	283750_31_0.25_Alt	CAGCTGATCTCTCAGCAGAAACTCTACAAGC
283750	C	T	g1/g2/g3:0.0657/0.9704/0.9724	g2,g3	Alt_Target	31	0.5	283750_31_0.5_Ref	CAGACTAACAGCTGACCTCTCAGCAGAAACT	283750_31_0.5_Alt	CAGACTAACAGCTGATCTCTCAGCAGAAACT
283750	C	T	g1/g2/g3:0.0657/0.9704/0.9724	g2,g3	Alt_Target	31	0.75	283750_31_0.75_Ref	AAGCCCATCAGACTAACAGCTGACCTCTCAG	283750_31_0.75_Alt	AAGCCCATCAGACTAACAGCTGATCTCTCAG
285207	G	A	g1/g2/g3:0.0292/0.9704/0.9655	g2,g3	Alt_Target	21	0.25	285207_21_0.25_Ref	TGCTAGCAAGACTAATAAAGA	285207_21_0.25_Alt	TGCTAACAAGACTAATAAAGA
285207	G	A	g1/g2/g3:0.0292/0.9704/0.9655	g2,g3	Alt_Target	21	0.5	285207_21_0.5_Ref	TAGACTGCTAGCAAGACTAAT	285207_21_0.5_Alt	TAGACTGCTAACAAGACTAAT
285207	G	A	g1/g2/g3:0.0292/0.9704/0.9655	g2,g3	Alt_Target	21	0.75	285207_21_0.75_Ref	ACTGATAGACTGCTAGCAAGA	285207_21_0.75_Alt	ACTGATAGACTGCTAACAAGA
285207	G	A	g1/g2/g3:0.0292/0.9704/0.9655	g2,g3	Alt_Target	25	0.25	285207_25_0.25_Ref	CTGCTAGCAAGACTAATAAAGAAGA	285207_25_0.25_Alt	CTGCTAACAAGACTAATAAAGAAGA
285207	G	A	g1/g2/g3:0.0292/0.9704/0.9655	g2,g3	Alt_Target	25	0.5	285207_25_0.5_Ref	GATAGACTGCTAGCAAGACTAATAA	285207_25_0.5_Alt	GATAGACTGCTAACAAGACTAATAA
285207	G	A	g1/g2/g3:0.0292/0.9704/0.9655	g2,g3	Alt_Target	25	0.75	285207_25_0.75_Ref	GAAACTGATAGACTGCTAGCAAGAC	285207_25_0.75_Alt	GAAACTGATAGACTGCTAACAAGAC
285207	G	A	g1/g2/g3:0.0292/0.9704/0.9655	g2,g3	Alt_Target	31	0.25	285207_31_0.25_Ref	ACTGCTAGCAAGACTAATAAAGAAGAAAAGA	285207_31_0.25_Alt	ACTGCTAACAAGACTAATAAAGAAGAAAAGA
285207	G	A	g1/g2/g3:0.0292/0.9704/0.9655	g2,g3	Alt_Target	31	0.5	285207_31_0.5_Ref	ACTGATAGACTGCTAGCAAGACTAATAAAGA	285207_31_0.5_Alt	ACTGATAGACTGCTAACAAGACTAATAAAGA
285207	G	A	g1/g2/g3:0.0292/0.9704/0.9655	g2,g3	Alt_Target	31	0.75	285207_31_0.75_Ref	TCAATGAAACTGATAGACTGCTAGCAAGACT	285207_31_0.75_Alt	TCAATGAAACTGATAGACTGCTAACAAGACT
285247	T	C	g1/g2/g3:0.0292/0.9704/0.9655	g2,g3	Alt_Target	21	0.25	285247_21_0.25_Ref	ATAGATGCAATAAAAAGTGAT	285247_21_0.25_Alt	ATAGACGCAATAAAAAGTGAT
285247	T	C	g1/g2/g3:0.0292/0.9704/0.9655	g2,g3	Alt_Target	21	0.5	285247_21_0.5_Ref	AATCGATAGATGCAATAAAAA	285247_21_0.5_Alt	AATCGATAGACGCAATAAAAA
285247	T	C	g1/g2/g3:0.0292/0.9704/0.9655	g2,g3	Alt_Target	21	0.75	285247_21_0.75_Ref	AGAAGAATCGATAGATGCAAT	285247_21_0.75_Alt	AGAAGAATCGATAGACGCAAT
285247	T	C	g1/g2/g3:0.0292/0.9704/0.9655	g2,g3	Alt_Target	25	0.25	285247_25_0.25_Ref	GATAGATGCAATAAAAAGTGATAAA	285247_25_0.25_Alt	GATAGACGCAATAAAAAGTGATAAA
285247	T	C	g1/g2/g3:0.0292/0.9704/0.9655	g2,g3	Alt_Target	25	0.5	285247_25_0.5_Ref	AGAATCGATAGATGCAATAAAAAGT	285247_25_0.5_Alt	AGAATCGATAGACGCAATAAAAAGT
285247	T	C	g1/g2/g3:0.0292/0.9704/0.9655	g2,g3	Alt_Target	25	0.75	285247_25_0.75_Ref	GAGAGAAGAATCGATAGATGCAATA	285247_25_0.75_Alt	GAGAGAAGAATCGATAGACGCAATA
285247	T	C	g1/g2/g3:0.0292/0.9704/0.9655	g2,g3	Alt_Target	31	0.25	285247_31_0.25_Ref	CGATAGATGCAATAAAAAGTGATAAAGGGGA	285247_31_0.25_Alt	CGATAGACGCAATAAAAAGTGATAAAGGGGA
285247	T	C	g1/g2/g3:0.0292/0.9704/0.9655	g2,g3	Alt_Target	31	0.5	285247_31_0.5_Ref	AGAAGAATCGATAGATGCAATAAAAAGTGAT	285247_31_0.5_Alt	AGAAGAATCGATAGACGCAATAAAAAGTGAT
285247	T	C	g1/g2/g3:0.0292/0.9704/0.9655	g2,g3	Alt_Target	31	0.75	285247_31_0.75_Ref	GAAAAGAGAGAAGAATCGATAGATGCAATAA	285247_31_0.75_Alt	GAAAAGAGAGAAGAATCGATAGACGCAATAA
285819	C	T	g1/g2/g3:0.0292/0.9630/0.9655	g2,g3	Alt_Target	21	0.25	285819_21_0.25_Ref	TGTAACCCAGCATATAAACCA	285819_21_0.25_Alt	TGTAATCCAGCATATAAACCA
285819	C	T	g1/g2/g3:0.0292/0.9630/0.9655	g2,g3	Alt_Target	21	0.5	285819_21_0.5_Ref	ATAAATGTAACCCAGCATATA	285819_21_0.5_Alt	ATAAATGTAATCCAGCATATA
285819	C	T	g1/g2/g3:0.0292/0.9630/0.9655	g2,g3	Alt_Target	21	0.75	285819_21_0.75_Ref	AATCAATAAATGTAACCCAGC	285819_21_0.75_Alt	AATCAATAAATGTAATCCAGC
285819	C	T	g1/g2/g3:0.0292/0.9630/0.9655	g2,g3	Alt_Target	25	0.25	285819_25_0.25_Ref	ATGTAACCCAGCATATAAACCAAAC	285819_25_0.25_Alt	ATGTAATCCAGCATATAAACCAAAC
285819	C	T	g1/g2/g3:0.0292/0.9630/0.9655	g2,g3	Alt_Target	25	0.5	285819_25_0.5_Ref	CAATAAATGTAACCCAGCATATAAA	285819_25_0.5_Alt	CAATAAATGTAATCCAGCATATAAA
285819	C	T	g1/g2/g3:0.0292/0.9630/0.9655	g2,g3	Alt_Target	25	0.75	285819_25_0.75_Ref	GCAAATCAATAAATGTAACCCAGCA	285819_25_0.75_Alt	GCAAATCAATAAATGTAATCCAGCA
285819	C	T	g1/g2/g3:0.0292/0.9630/0.9655	g2,g3	Alt_Target	31	0.25	285819_31_0.25_Ref	AATGTAACCCAGCATATAAACCAAACCAAAG	285819_31_0.25_Alt	AATGTAATCCAGCATATAAACCAAACCAAAA
285819	C	T	g1/g2/g3:0.0292/0.9630/0.9655	g2,g3	Alt_Target	31	0.5	285819_31_0.5_Ref	AATCAATAAATGTAACCCAGCATATAAACCA	285819_31_0.5_Alt	AATCAATAAATGTAATCCAGCATATAAACCA
285819	C	T	g1/g2/g3:0.0292/0.9630/0.9655	g2,g3	Alt_Target	31	0.75	285819_31_0.75_Ref	CATATGCAAATCAATAAATGTAACCCAGCAT	285819_31_0.75_Alt	CATATGCAAATCAATAAATGTAATCCAGCAT
285842	G	A	g1/g2/g3:0.0292/0.9407/0.9655	g2,g3	Alt_Target	21	0.25	285842_21_0.25_Ref	CCAAAGACAAAAAACGCATGA	285842_21_0.25_Alt	CCAAAAACAAAAAACGCATGA
285842	G	A	g1/g2/g3:0.0292/0.9407/0.9655	g2,g3	Alt_Target	21	0.5	285842_21_0.5_Ref	CCAAACCAAAGACAAAAAACG	285842_21_0.5_Alt	CCAAACCAAAAACAAAAAACG
285842	G	A	g1/g2/g3:0.0292/0.9407/0.9655	g2,g3	Alt_Target	21	0.75	285842_21_0.75_Ref	ATAAACCAAACCAAAGACAAA	285842_21_0.75_Alt	ATAAACCAAACCAAAAACAAA
285842	G	A	g1/g2/g3:0.0292/0.9407/0.9655	g2,g3	Alt_Target	25	0.25	285842_25_0.25_Ref	ACCAAAGACAAAAAACGCATGACTA	285842_25_0.25_Alt	ACCAAAAACAAAAAACGCATGACTA
285842	G	A	g1/g2/g3:0.0292/0.9407/0.9655	g2,g3	Alt_Target	25	0.5	285842_25_0.5_Ref	AACCAAACCAAAGACAAAAAACGCA	285842_25_0.5_Alt	AACCAAACCAAAAACAAAAAACGCA
285842	G	A	g1/g2/g3:0.0292/0.9407/0.9655	g2,g3	Alt_Target	25	0.75	285842_25_0.75_Ref	CATATAAACCAAACCAAAGACAAAA	285842_25_0.75_Alt	CATATAAACCAAACCAAAAACAAAA
285842	G	A	g1/g2/g3:0.0292/0.9407/0.9655	g2,g3	Alt_Target	31	0.25	285842_31_0.25_Ref	AACCAAAGACAAAAAACGCATGACTATACCA	285842_31_0.25_Alt	AACCAAAAACAAAAAACGCATGACTATACCA
285842	G	A	g1/g2/g3:0.0292/0.9407/0.9655	g2,g3	Alt_Target	31	0.5	285842_31_0.5_Ref	ATAAACCAAACCAAAGACAAAAAACGCATGA	285842_31_0.5_Alt	ATAAACCAAACCAAAAACAAAAAACGCATGA
285842	G	A	g1/g2/g3:0.0292/0.9407/0.9655	g2,g3	Alt_Target	31	0.75	285842_31_0.75_Ref	CCCAGCATATAAACCAAACCAAAGACAAAAA	285842_31_0.75_Alt	TCCAGCATATAAACCAAACCAAAAACAAAAA
286642	G	A	g1/g2/g3:0.0438/0.9630/0.9655	g2,g3	Alt_Target	21	0.25	286642_21_0.25_Ref	TGCCAGGCCAATCCTAAGCCA	286642_21_0.25_Alt	TGCCAAGCCAATCCTAAGCCA
286642	G	A	g1/g2/g3:0.0438/0.9630/0.9655	g2,g3	Alt_Target	21	0.5	286642_21_0.5_Ref	CGCACTGCCAGGCCAATCCTA	286642_21_0.5_Alt	CGCACTGCCAAGCCAATCCTA
286642	G	A	g1/g2/g3:0.0438/0.9630/0.9655	g2,g3	Alt_Target	21	0.75	286642_21_0.75_Ref	GAGCCCGCACTGCCAGGCCAA	286642_21_0.75_Alt	GAGCCCGCACTGCCAAGCCAA
286642	G	A	g1/g2/g3:0.0438/0.9630/0.9655	g2,g3	Alt_Target	25	0.25	286642_25_0.25_Ref	CTGCCAGGCCAATCCTAAGCCAAAA	286642_25_0.25_Alt	CTGCCAAGCCAATCCTAAGCCAAAA
286642	G	A	g1/g2/g3:0.0438/0.9630/0.9655	g2,g3	Alt_Target	25	0.5	286642_25_0.5_Ref	CCCGCACTGCCAGGCCAATCCTAAG	286642_25_0.5_Alt	CCCGCACTGCCAAGCCAATCCTAAG
286642	G	A	g1/g2/g3:0.0438/0.9630/0.9655	g2,g3	Alt_Target	25	0.75	286642_25_0.75_Ref	AAAGAGCCCGCACTGCCAGGCCAAT	286642_25_0.75_Alt	AAAGAGCCCGCACTGCCAAGCCAAT
286642	G	A	g1/g2/g3:0.0438/0.9630/0.9655	g2,g3	Alt_Target	31	0.25	286642_31_0.25_Ref	ACTGCCAGGCCAATCCTAAGCCAAAAGAACA	286642_31_0.25_Alt	ACTGCCAAGCCAATCCTAAGCCAAAAGAACA
286642	G	A	g1/g2/g3:0.0438/0.9630/0.9655	g2,g3	Alt_Target	31	0.5	286642_31_0.5_Ref	GAGCCCGCACTGCCAGGCCAATCCTAAGCCA	286642_31_0.5_Alt	GAGCCCGCACTGCCAAGCCAATCCTAAGCCA
286642	G	A	g1/g2/g3:0.0438/0.9630/0.9655	g2,g3	Alt_Target	31	0.75	286642_31_0.75_Ref	CCAAAAAAGAGCCCGCACTGCCAGGCCAATC	286642_31_0.75_Alt	CCAAAAAAGAGCCCGCACTGCCAAGCCAATC
293703	T	C	g1/g2/g3:0.0438/0.9704/0.9724	g2,g3	Alt_Target	21	0.25	293703_21_0.25_Ref	TTTGGTTGACTTCCGAATACT	293703_21_0.25_Alt	TTTGGCTGACTTCCGAATACT
293703	T	C	g1/g2/g3:0.0438/0.9704/0.9724	g2,g3	Alt_Target	21	0.5	293703_21_0.5_Ref	GAAAGTTTGGTTGACTTCCGA	293703_21_0.5_Alt	GAAAGTTTGGCTGACTTCCGA
293703	T	C	g1/g2/g3:0.0438/0.9704/0.9724	g2,g3	Alt_Target	21	0.75	293703_21_0.75_Ref	TTTAAGAAAGTTTGGTTGACT	293703_21_0.75_Alt	TTTAAGAAAGTTTGGCTGACT
293703	T	C	g1/g2/g3:0.0438/0.9704/0.9724	g2,g3	Alt_Target	25	0.25	293703_25_0.25_Ref	GTTTGGTTGACTTCCGAATACTGGG	293703_25_0.25_Alt	GTTTGGCTGACTTCCGAATACTGGG
293703	T	C	g1/g2/g3:0.0438/0.9704/0.9724	g2,g3	Alt_Target	25	0.5	293703_25_0.5_Ref	AAGAAAGTTTGGTTGACTTCCGAAT	293703_25_0.5_Alt	AAGAAAGTTTGGCTGACTTCCGAAT
293703	T	C	g1/g2/g3:0.0438/0.9704/0.9724	g2,g3	Alt_Target	25	0.75	293703_25_0.75_Ref	CAGTTTAAGAAAGTTTGGTTGACTT	293703_25_0.75_Alt	CAGTTTAAGAAAGTTTGGCTGACTT
293703	T	C	g1/g2/g3:0.0438/0.9704/0.9724	g2,g3	Alt_Target	31	0.25	293703_31_0.25_Ref	AGTTTGGTTGACTTCCGAATACTGGGAAGGA	293703_31_0.25_Alt	AGTTTGGCTGACTTCCGAATACTGGGAAGGA
293703	T	C	g1/g2/g3:0.0438/0.9704/0.9724	g2,g3	Alt_Target	31	0.5	293703_31_0.5_Ref	TTTAAGAAAGTTTGGTTGACTTCCGAATACT	293703_31_0.5_Alt	TTTAAGAAAGTTTGGCTGACTTCCGAATACT
293703	T	C	g1/g2/g3:0.0438/0.9704/0.9724	g2,g3	Alt_Target	31	0.75	293703_31_0.75_Ref	ATGAACAGTTTAAGAAAGTTTGGTTGACTTC	293703_31_0.75_Alt	ATGAACAGTTTAAGAAAGTTTGGCTGACTTC
295137	T	C	g1/g2/g3:0.0657/0.9704/0.9724	g2,g3	Alt_Target	21	0.25	295137_21_0.25_Ref	AACTTTGTATAAAATGTATTA	295137_21_0.25_Alt	AACTTCGTATAAAATGTATTA
295137	T	C	g1/g2/g3:0.0657/0.9704/0.9724	g2,g3	Alt_Target	21	0.5	295137_21_0.5_Ref	GCCAGAACTTTGTATAAAATG	295137_21_0.5_Alt	GCCAGAACTTCGTATAAAATG
295137	T	C	g1/g2/g3:0.0657/0.9704/0.9724	g2,g3	Alt_Target	21	0.75	295137_21_0.75_Ref	TGGGAGCCAGAACTTTGTATA	295137_21_0.75_Alt	TGGGAGCCAGAACTTCGTATA
295137	T	C	g1/g2/g3:0.0657/0.9704/0.9724	g2,g3	Alt_Target	25	0.25	295137_25_0.25_Ref	GAACTTTGTATAAAATGTATTATCA	295137_25_0.25_Alt	GAACTTCGTATAAAATGTATTATCA
295137	T	C	g1/g2/g3:0.0657/0.9704/0.9724	g2,g3	Alt_Target	25	0.5	295137_25_0.5_Ref	GAGCCAGAACTTTGTATAAAATGTA	295137_25_0.5_Alt	GAGCCAGAACTTCGTATAAAATGTA
295137	T	C	g1/g2/g3:0.0657/0.9704/0.9724	g2,g3	Alt_Target	25	0.75	295137_25_0.75_Ref	TTTTGGGAGCCAGAACTTTGTATAA	295137_25_0.75_Alt	TTTTGGGAGCCAGAACTTCGTATAA
295137	T	C	g1/g2/g3:0.0657/0.9704/0.9724	g2,g3	Alt_Target	31	0.25	295137_31_0.25_Ref	AGAACTTTGTATAAAATGTATTATCAAAATA	295137_31_0.25_Alt	AGAACTTCGTATAAAATGTATTATCAAAATA
295137	T	C	g1/g2/g3:0.0657/0.9704/0.9724	g2,g3	Alt_Target	31	0.5	295137_31_0.5_Ref	TGGGAGCCAGAACTTTGTATAAAATGTATTA	295137_31_0.5_Alt	TGGGAGCCAGAACTTCGTATAAAATGTATTA
295137	T	C	g1/g2/g3:0.0657/0.9704/0.9724	g2,g3	Alt_Target	31	0.75	295137_31_0.75_Ref	TCTTATTTTGGGAGCCAGAACTTTGTATAAA	295137_31_0.75_Alt	TCTTATTTTGGGAGCCAGAACTTCGTATAAA
296011	A	C	g1/g2/g3:0.0292/0.9704/0.9724	g2,g3	Alt_Target	21	0.25	296011_21_0.25_Ref	TTTGAAGAGGCTTTCTTCATA	296011_21_0.25_Alt	TTTGACGAGGCTTTCTTCATA
296011	A	C	g1/g2/g3:0.0292/0.9704/0.9724	g2,g3	Alt_Target	21	0.5	296011_21_0.5_Ref	TACGTTTTGAAGAGGCTTTCT	296011_21_0.5_Alt	TACGTTTTGACGAGGCTTTCT
296011	A	C	g1/g2/g3:0.0292/0.9704/0.9724	g2,g3	Alt_Target	21	0.75	296011_21_0.75_Ref	TATGATACGTTTTGAAGAGGC	296011_21_0.75_Alt	TATGATACGTTTTGACGAGGC
296011	A	C	g1/g2/g3:0.0292/0.9704/0.9724	g2,g3	Alt_Target	25	0.25	296011_25_0.25_Ref	TTTTGAAGAGGCTTTCTTCATACCA	296011_25_0.25_Alt	TTTTGACGAGGCTTTCTTCATACCA
296011	A	C	g1/g2/g3:0.0292/0.9704/0.9724	g2,g3	Alt_Target	25	0.5	296011_25_0.5_Ref	GATACGTTTTGAAGAGGCTTTCTTC	296011_25_0.5_Alt	GATACGTTTTGACGAGGCTTTCTTC
296011	A	C	g1/g2/g3:0.0292/0.9704/0.9724	g2,g3	Alt_Target	25	0.75	296011_25_0.75_Ref	CCTTATGATACGTTTTGAAGAGGCT	296011_25_0.75_Alt	CCTTATGATACGTTTTGACGAGGCT
296011	A	C	g1/g2/g3:0.0292/0.9704/0.9724	g2,g3	Alt_Target	31	0.25	296011_31_0.25_Ref	GTTTTGAAGAGGCTTTCTTCATACCATAATT	296011_31_0.25_Alt	GTTTTGACGAGGCTTTCTTCATACCATAATT
296011	A	C	g1/g2/g3:0.0292/0.9704/0.9724	g2,g3	Alt_Target	31	0.5	296011_31_0.5_Ref	TATGATACGTTTTGAAGAGGCTTTCTTCATA	296011_31_0.5_Alt	TATGATACGTTTTGACGAGGCTTTCTTCATA
296011	A	C	g1/g2/g3:0.0292/0.9704/0.9724	g2,g3	Alt_Target	31	0.75	296011_31_0.75_Ref	TGTACCCTTATGATACGTTTTGAAGAGGCTT	296011_31_0.75_Alt	TGTACCCTTATGATACGTTTTGACGAGGCTT
300128	G	A	g1/g2/g3:0.0365/0.9704/0.9655	g2,g3	Alt_Target	21	0.25	300128_21_0.25_Ref	CCACAGTTCTTAAAATTAATG	300128_21_0.25_Alt	CCACAATTCTTAAAATTAATG
300128	G	A	g1/g2/g3:0.0365/0.9704/0.9655	g2,g3	Alt_Target	21	0.5	300128_21_0.5_Ref	ACAGTCCACAGTTCTTAAAAT	300128_21_0.5_Alt	ACAGTCCACAATTCTTAAAAT
300128	G	A	g1/g2/g3:0.0365/0.9704/0.9655	g2,g3	Alt_Target	21	0.75	300128_21_0.75_Ref	GTTTTACAGTCCACAGTTCTT	300128_21_0.75_Alt	GTTTTACAGTCCACAATTCTT
300128	G	A	g1/g2/g3:0.0365/0.9704/0.9655	g2,g3	Alt_Target	25	0.25	300128_25_0.25_Ref	TCCACAGTTCTTAAAATTAATGGAC	300128_25_0.25_Alt	TCCACAATTCTTAAAATTAATGGAC
300128	G	A	g1/g2/g3:0.0365/0.9704/0.9655	g2,g3	Alt_Target	25	0.5	300128_25_0.5_Ref	TTACAGTCCACAGTTCTTAAAATTA	300128_25_0.5_Alt	TTACAGTCCACAATTCTTAAAATTA
300128	G	A	g1/g2/g3:0.0365/0.9704/0.9655	g2,g3	Alt_Target	25	0.75	300128_25_0.75_Ref	AGTGTTTTACAGTCCACAGTTCTTA	300128_25_0.75_Alt	AGTGTTTTACAGTCCACAATTCTTA
300128	G	A	g1/g2/g3:0.0365/0.9704/0.9655	g2,g3	Alt_Target	31	0.25	300128_31_0.25_Ref	GTCCACAGTTCTTAAAATTAATGGACTAATC	300128_31_0.25_Alt	GTCCACAATTCTTAAAATTAATGGACTAATC
300128	G	A	g1/g2/g3:0.0365/0.9704/0.9655	g2,g3	Alt_Target	31	0.5	300128_31_0.5_Ref	GTTTTACAGTCCACAGTTCTTAAAATTAATG	300128_31_0.5_Alt	GTTTTACAGTCCACAATTCTTAAAATTAATG
300128	G	A	g1/g2/g3:0.0365/0.9704/0.9655	g2,g3	Alt_Target	31	0.75	300128_31_0.75_Ref	GATCCAGTGTTTTACAGTCCACAGTTCTTAA	300128_31_0.75_Alt	GATCCAGTGTTTTACAGTCCACAATTCTTAA
312183	C	G	g1/g2/g3:0.0511/0.9630/0.9517	g2,g3	Alt_Target	21	0.25	312183_21_0.25_Ref	CGTGACCCACTGTGCCTGGCC	312183_21_0.25_Alt	CGTGAGCCACTGTGCCTGGCC
312183	C	G	g1/g2/g3:0.0511/0.9630/0.9517	g2,g3	Alt_Target	21	0.5	312183_21_0.5_Ref	ACCGGCGTGACCCACTGTGCC	312183_21_0.5_Alt	ACCGGCGTGAGCCACTGTGCC
312183	C	G	g1/g2/g3:0.0511/0.9630/0.9517	g2,g3	Alt_Target	21	0.75	312183_21_0.75_Ref	GGATTACCGGCGTGACCCACT	312183_21_0.75_Alt	GGATTACCGGCGTGAGCCACT
312183	C	G	g1/g2/g3:0.0511/0.9630/0.9517	g2,g3	Alt_Target	25	0.25	312183_25_0.25_Ref	GCGTGACCCACTGTGCCTGGCCAGA	312183_25_0.25_Alt	GCGTGAGCCACTGTGCCTGGCCAGA
312183	C	G	g1/g2/g3:0.0511/0.9630/0.9517	g2,g3	Alt_Target	25	0.5	312183_25_0.5_Ref	TTACCGGCGTGACCCACTGTGCCTG	312183_25_0.5_Alt	TTACCGGCGTGAGCCACTGTGCCTG
312183	C	G	g1/g2/g3:0.0511/0.9630/0.9517	g2,g3	Alt_Target	25	0.75	312183_25_0.75_Ref	TTGGGATTACCGGCGTGACCCACTG	312183_25_0.75_Alt	TTGGGATTACCGGCGTGAGCCACTG
312183	C	G	g1/g2/g3:0.0511/0.9630/0.9517	g2,g3	Alt_Target	31	0.25	312183_31_0.25_Ref	GGCGTGACCCACTGTGCCTGGCCAGAAAAAA	312183_31_0.25_Alt	GGCGTGAGCCACTGTGCCTGGCCAGAAAAAA
312183	C	G	g1/g2/g3:0.0511/0.9630/0.9517	g2,g3	Alt_Target	31	0.5	312183_31_0.5_Ref	GGATTACCGGCGTGACCCACTGTGCCTGGCC	312183_31_0.5_Alt	GGATTACCGGCGTGAGCCACTGTGCCTGGCC
312183	C	G	g1/g2/g3:0.0511/0.9630/0.9517	g2,g3	Alt_Target	31	0.75	312183_31_0.75_Ref	AAGTGTTGGGATTACCGGCGTGACCCACTGT	312183_31_0.75_Alt	AAGTGTTGGGATTACCGGCGTGAGCCACTGT
